id,first_name,last_name,email,gender
1,Anetta,Sneezem,asneezem0@ucsd.edu,Female
2,Hayes,Beves,hbeves1@nifty.com,Male
3,Lucais,Baynon,lbaynon2@go.com,Male
4,Tallie,Bettinson,tbettinson3@livejournal.com,Female
5,Vannie,Swyre,vswyre4@oakley.com,Female
6,Zelma,Jeacocke,zjeacocke5@canalblog.com,Female
7,Bridget,Chstney,bchstney6@cisco.com,Female
8,Wilhelmina,Cockhill,wcockhill7@cpanel.net,Female
9,Iris,Lillgard,ilillgard8@psu.edu,Female
10,Dinnie,Andrivot,dandrivot9@topsy.com,Genderfluid
11,Angil,Gannicleff,agannicleffa@de.vu,Female
12,Ulrika,Widdowson,uwiddowsonb@de.vu,Female
13,Nata,Vaadeland,nvaadelandc@ustream.tv,Female
14,Collie,Dziwisz,cdziwiszd@fda.gov,Female
15,Bo,Dobie,bdobiee@digg.com,Male
16,Joeann,Calwell,jcalwellf@elegantthemes.com,Female
17,Bent,Desouza,bdesouzag@sina.com.cn,Male
18,Ned,Ingarfill,ningarfillh@free.fr,Male
19,Warde,Harrhy,wharrhyi@domainmarket.com,Male
20,Arvy,Caberas,acaberasj@dion.ne.jp,Male
21,Duke,Gotecliffe,dgotecliffek@opera.com,Male
22,Frances,Mahaddy,fmahaddyl@accuweather.com,Female
23,Melony,Peile,mpeilem@imageshack.us,Female
24,Tull,Sisson,tsissonn@bizjournals.com,Male
25,Norris,Crean,ncreano@spotify.com,Male
26,Krista,Anespie,kanespiep@aol.com,Female
27,Saunder,Ciardo,sciardoq@artisteer.com,Male
28,Horatius,Bernini,hberninir@cargocollective.com,Male
29,Sunny,Franseco,sfransecos@trellian.com,Female
30,Raeann,Gabits,rgabitst@cnbc.com,Female
31,Amelina,Berling,aberlingu@globo.com,Genderfluid
32,Jodie,Colbrun,jcolbrunv@ameblo.jp,Female
33,Sybyl,Jaskiewicz,sjaskiewiczw@umn.edu,Female
34,Loy,Drew-Clifton,ldrewcliftonx@hibu.com,Male
35,Cordy,Stannas,cstannasy@seesaa.net,Female
36,Hamid,Popple,hpopplez@theglobeandmail.com,Male
37,Silvester,Heatley,sheatley10@behance.net,Male
38,Clemente,Pillinger,cpillinger11@ted.com,Male
39,Dare,Tregea,dtregea12@shinystat.com,Male
40,Lawton,Mc Cahey,lmccahey13@washington.edu,Male
41,Saunder,Hayne,shayne14@sakura.ne.jp,Male
42,Helga,Snadden,hsnadden15@mail.ru,Genderfluid
43,Myriam,Horney,mhorney16@parallels.com,Female
44,Penelope,Gaynes,pgaynes17@ebay.co.uk,Female
45,Lezley,Konke,lkonke18@eventbrite.com,Male
46,Nellie,Crebo,ncrebo19@princeton.edu,Female
47,Aguste,Goch,agoch1a@newsvine.com,Male
48,Keene,Chippindale,kchippindale1b@usgs.gov,Male
49,Woodie,Loach,wloach1c@bbc.co.uk,Male
50,Constantino,Detoile,cdetoile1d@canalblog.com,Male
51,Bianka,Calbaithe,bcalbaithe1e@tripadvisor.com,Female
52,Anna,Derrell,aderrell1f@blogs.com,Female
53,Crawford,Wickmann,cwickmann1g@baidu.com,Male
54,Jasmina,Saunter,jsaunter1h@symantec.com,Bigender
55,Anneliese,Gethin,agethin1i@huffingtonpost.com,Female
56,Elwin,Iley,eiley1j@forbes.com,Genderqueer
57,Ruggiero,Haslin,rhaslin1k@creativecommons.org,Male
58,Zackariah,Dawtrey,zdawtrey1l@vkontakte.ru,Male
59,Emmalee,How to preserve,ehowtopreserve1m@etsy.com,Female
60,Ignacio,Talkington,italkington1n@163.com,Male
61,Luella,O'Hare,lohare1o@1688.com,Female
62,Herc,Firle,hfirle1p@dyndns.org,Male
63,Curcio,Dreigher,cdreigher1q@mozilla.com,Male
64,Caryn,Thying,cthying1r@upenn.edu,Female
65,Fawn,Haysham,fhaysham1s@seesaa.net,Female
66,Jess,Rathmell,jrathmell1t@4shared.com,Male
67,Kacie,Trubshawe,ktrubshawe1u@pbs.org,Female
68,Lacy,Wilkenson,lwilkenson1v@bigcartel.com,Female
69,Bjorn,Colleck,bcolleck1w@nasa.gov,Male
70,Edin,Widger,ewidger1x@diigo.com,Female
71,Lissa,Burbank,lburbank1y@free.fr,Female
72,Robin,Osgarby,rosgarby1z@mit.edu,Male
73,Cinda,Lindl,clindl20@yellowpages.com,Female
74,Robyn,Merwood,rmerwood21@fotki.com,Female
75,Ira,Pes,ipes22@google.pl,Female
76,Guinna,Rustman,grustman23@exblog.jp,Female
77,Duff,Severs,dsevers24@answers.com,Male
78,Natalie,Hallwood,nhallwood25@soup.io,Female
79,Liuka,Ghelerdini,lghelerdini26@sina.com.cn,Female
80,Miran,Dosedale,mdosedale27@networksolutions.com,Polygender
81,Gavin,Brunroth,gbrunroth28@4shared.com,Bigender
82,Bearnard,Spenton,bspenton29@hibu.com,Male
83,Fletch,Whitney,fwhitney2a@t.co,Male
84,Bartlet,Elbourne,belbourne2b@businesswire.com,Male
85,Nicky,Roake,nroake2c@blogs.com,Female
86,Pierette,Marc,pmarc2d@yellowpages.com,Female
87,Reggy,Jailler,rjailler2e@webs.com,Male
88,Christoph,Clemont,cclemont2f@twitter.com,Male
89,Weidar,Adolthine,wadolthine2g@answers.com,Male
90,Goldina,Lummasana,glummasana2h@ycombinator.com,Female
91,Shana,Gurys,sgurys2i@boston.com,Female
92,Palmer,Spinige,pspinige2j@japanpost.jp,Male
93,Rianon,Sparkwell,rsparkwell2k@hubpages.com,Female
94,Shaun,Durrant,sdurrant2l@bloomberg.com,Male
95,Madelene,Ballance,mballance2m@toplist.cz,Female
96,Staffard,Myrick,smyrick2n@unblog.fr,Male
97,Rowney,Marchiso,rmarchiso2o@e-recht24.de,Male
98,Ashlie,Dameisele,adameisele2p@pbs.org,Female
99,Kelbee,Gueinn,kgueinn2q@blogger.com,Male
100,Cristabel,Borthwick,cborthwick2r@ucoz.ru,Female
101,Othilia,Bucher,obucher2s@amazon.co.uk,Female
102,Myrta,Guerrin,mguerrin2t@vistaprint.com,Female
103,Suzann,Ganniclifft,sganniclifft2u@theatlantic.com,Female
104,Eden,Thrush,ethrush2v@indiegogo.com,Female
105,Tedra,Artus,tartus2w@ox.ac.uk,Female
106,Elinore,Olenikov,eolenikov2x@miibeian.gov.cn,Female
107,Gottfried,Korneichik,gkorneichik2y@kickstarter.com,Male
108,Niven,MacPherson,nmacpherson2z@themeforest.net,Male
109,Matti,Loachhead,mloachhead30@hostgator.com,Genderqueer
110,Kalindi,Waycott,kwaycott31@thetimes.co.uk,Female
111,Casey,Bjerkan,cbjerkan32@psu.edu,Female
112,Debee,Folliott,dfolliott33@washingtonpost.com,Female
113,Frederico,Southerton,fsoutherton34@cbc.ca,Male
114,Bealle,Clitsome,bclitsome35@ca.gov,Male
115,Taddeusz,Zaczek,tzaczek36@bloglovin.com,Male
116,Rosabel,Seawell,rseawell37@blogtalkradio.com,Female
117,Peggie,Sitwell,psitwell38@squidoo.com,Female
118,Mackenzie,Callen,mcallen39@alibaba.com,Genderqueer
119,Daryl,Haggis,dhaggis3a@phpbb.com,Male
120,Aksel,Jarratt,ajarratt3b@house.gov,Male
121,Pascal,Wodeland,pwodeland3c@networkadvertising.org,Male
122,Stacey,Castiblanco,scastiblanco3d@ehow.com,Female
123,Hermina,Milburne,hmilburne3e@free.fr,Female
124,Leicester,Moxham,lmoxham3f@seesaa.net,Male
125,Balduin,O'Doherty,bodoherty3g@slashdot.org,Male
126,Christoph,Klimentyonok,cklimentyonok3h@amazon.co.jp,Male
127,Murdoch,Skinley,mskinley3i@tumblr.com,Polygender
128,Milena,Swapp,mswapp3j@adobe.com,Female
129,Arch,Meekins,ameekins3k@cam.ac.uk,Male
130,Ruby,Seniour,rseniour3l@wisc.edu,Male
131,Rory,Jeavons,rjeavons3m@eventbrite.com,Male
132,Raffaello,Wynes,rwynes3n@chronoengine.com,Male
133,Ingeberg,Broxap,ibroxap3o@goo.gl,Female
134,Berti,Shillom,bshillom3p@mlb.com,Female
135,Rosalind,Gullis,rgullis3q@topsy.com,Female
136,Carmine,Maffeo,cmaffeo3r@nymag.com,Female
137,Rozalin,Jewer,rjewer3s@hugedomains.com,Female
138,Waldemar,Ridhole,wridhole3t@drupal.org,Male
139,Melany,Hoodspeth,mhoodspeth3u@prweb.com,Female
140,Hadlee,Kevis,hkevis3v@wisc.edu,Male
141,Aurore,Service,aservice3w@nih.gov,Female
142,Sheffield,Wadman,swadman3x@ning.com,Male
143,Hyacinthia,Nassey,hnassey3y@unesco.org,Female
144,Derk,Vegas,dvegas3z@technorati.com,Male
145,Camel,Juckes,cjuckes40@hostgator.com,Polygender
146,Aurthur,Phlippi,aphlippi41@phoca.cz,Bigender
147,Carlota,Jeannenet,cjeannenet42@salon.com,Female
148,Gayla,Gascoigne,ggascoigne43@discovery.com,Female
149,Liv,Mutton,lmutton44@alibaba.com,Female
150,Sybyl,Westwood,swestwood45@fastcompany.com,Female
151,Brigida,Stivers,bstivers46@devhub.com,Female
152,Malynda,O' Brian,mobrian47@webeden.co.uk,Female
153,Agretha,Romi,aromi48@blog.com,Female
154,Hubert,Pettisall,hpettisall49@apple.com,Male
155,Pacorro,McGauhy,pmcgauhy4a@uol.com.br,Male
156,Dur,Fields,dfields4b@reverbnation.com,Male
157,Laurene,Suttaby,lsuttaby4c@tripod.com,Female
158,Blaire,Shawley,bshawley4d@samsung.com,Genderqueer
159,Cass,Flores,cflores4e@bluehost.com,Male
160,Burl,Plom,bplom4f@pbs.org,Male
161,Rene,De Blasio,rdeblasio4g@squarespace.com,Male
162,Zonda,Jewiss,zjewiss4h@google.com.hk,Female
163,Jess,Marler,jmarler4i@youtube.com,Female
164,Marge,Hurley,mhurley4j@harvard.edu,Female
165,Kendre,Haville,khaville4k@slashdot.org,Female
166,Sarina,Frodsam,sfrodsam4l@linkedin.com,Female
167,Husain,Merrgan,hmerrgan4m@over-blog.com,Male
168,Tabb,Marfe,tmarfe4n@addtoany.com,Male
169,Hale,Wilfling,hwilfling4o@imageshack.us,Male
170,Jocelin,Carlton,jcarlton4p@bloglines.com,Female
171,Marion,Penvarden,mpenvarden4q@ftc.gov,Male
172,Arnie,Juschke,ajuschke4r@weather.com,Male
173,Desdemona,Ingerfield,dingerfield4s@bizjournals.com,Female
174,Nada,Carne,ncarne4t@networksolutions.com,Genderqueer
175,Pepillo,Loisi,ploisi4u@cyberchimps.com,Male
176,Eamon,Giles,egiles4v@umich.edu,Male
177,Emmalynn,Barhims,ebarhims4w@goo.gl,Female
178,Edan,Biernat,ebiernat4x@ftc.gov,Male
179,Aldis,Marfell,amarfell4y@wordpress.com,Non-binary
180,Sammy,Spurriar,sspurriar4z@latimes.com,Male
181,Nat,Cansdall,ncansdall50@apple.com,Polygender
182,Cyndia,Heineke,cheineke51@jalbum.net,Female
183,Harriette,Burbridge,hburbridge52@sfgate.com,Female
184,Inness,Lukes,ilukes53@canalblog.com,Male
185,Collen,Kilroy,ckilroy54@jimdo.com,Female
186,Maura,Marris,mmarris55@toplist.cz,Female
187,Antonio,Ranscomb,aranscomb56@jiathis.com,Non-binary
188,Weylin,Gauvin,wgauvin57@bloglines.com,Male
189,Guinna,Sedgefield,gsedgefield58@xing.com,Female
190,Douglass,Warfield,dwarfield59@reverbnation.com,Male
191,Rodge,Burbridge,rburbridge5a@hao123.com,Male
192,Torre,Keeltagh,tkeeltagh5b@fastcompany.com,Male
193,Clemente,Fairpo,cfairpo5c@nsw.gov.au,Male
194,Thatch,Hagston,thagston5d@statcounter.com,Male
195,Rosene,Pickard,rpickard5e@myspace.com,Female
196,Hugues,Cossum,hcossum5f@state.tx.us,Male
197,Opaline,Brumham,obrumham5g@dropbox.com,Female
198,Cello,Starr,cstarr5h@moonfruit.com,Male
199,Philippe,Edmett,pedmett5i@prweb.com,Female
200,Sydney,Prest,sprest5j@hud.gov,Agender
201,Darby,Ingreda,dingreda5k@furl.net,Female
202,Merwin,Tremelling,mtremelling5l@arizona.edu,Genderfluid
203,Phaidra,Dyson,pdyson5m@webmd.com,Female
204,Jarad,Peery,jpeery5n@adobe.com,Agender
205,Sibilla,Piechnik,spiechnik5o@ftc.gov,Female
206,Shandeigh,Galletley,sgalletley5p@infoseek.co.jp,Female
207,Haley,Bearn,hbearn5q@networkadvertising.org,Female
208,Cherin,Addicote,caddicote5r@yahoo.com,Female
209,Lanny,Crosby,lcrosby5s@cdc.gov,Male
210,Hilliard,Accomb,haccomb5t@fda.gov,Male
211,Michel,Korneev,mkorneev5u@businessinsider.com,Male
212,Joane,Sully,jsully5v@oakley.com,Female
213,Janey,Blamey,jblamey5w@mediafire.com,Female
214,Sancho,Paxman,spaxman5x@reverbnation.com,Male
215,Dill,Trenear,dtrenear5y@bbc.co.uk,Male
216,Anstice,Dwyer,adwyer5z@yelp.com,Female
217,Kippy,Velten,kvelten60@skyrock.com,Male
218,Gnni,Largent,glargent61@dmoz.org,Female
219,Ardath,Gurner,agurner62@slideshare.net,Female
220,Blanca,Blackley,bblackley63@bigcartel.com,Polygender
221,Kleon,Nissle,knissle64@tinypic.com,Male
222,Antony,McKeefry,amckeefry65@163.com,Male
223,Fan,Redmond,fredmond66@flavors.me,Female
224,Gwenny,Capel,gcapel67@mozilla.com,Female
225,Ingram,Copin,icopin68@mail.ru,Agender
226,Tiler,Piffe,tpiffe69@twitpic.com,Male
227,May,Silkston,msilkston6a@networkadvertising.org,Female
228,Birgitta,Risby,brisby6b@indiegogo.com,Female
229,Stephannie,Zupone,szupone6c@ftc.gov,Female
230,Gale,Sirette,gsirette6d@amazon.de,Female
231,Cecilius,Greasley,cgreasley6e@wordpress.org,Male
232,Gabriel,Ayling,gayling6f@marketwatch.com,Male
233,Joana,Baulk,jbaulk6g@youtube.com,Female
234,Jemmie,Seller,jseller6h@umn.edu,Female
235,Heddi,Beaconsall,hbeaconsall6i@aol.com,Female
236,Dulci,De Vile,ddevile6j@nature.com,Female
237,Dene,Esherwood,desherwood6k@angelfire.com,Male
238,Robinson,Skegg,rskegg6l@fema.gov,Bigender
239,Geoff,Whaites,gwhaites6m@flavors.me,Male
240,Hildy,Zink,hzink6n@privacy.gov.au,Female
241,Theresa,Rotchell,trotchell6o@tuttocitta.it,Female
242,Devora,Sheriff,dsheriff6p@berkeley.edu,Genderqueer
243,Vernen,Tilio,vtilio6q@usnews.com,Male
244,Boy,Lorant,blorant6r@sina.com.cn,Male
245,Emlynne,Chisnell,echisnell6s@360.cn,Female
246,Gerik,Albery,galbery6t@wiley.com,Male
247,Chris,Josifovic,cjosifovic6u@usatoday.com,Female
248,Hyatt,Brandenburg,hbrandenburg6v@zdnet.com,Male
249,Nancy,Gallie,ngallie6w@wordpress.org,Female
250,Moreen,Butten,mbutten6x@usnews.com,Female
251,Broddy,Punshon,bpunshon6y@freewebs.com,Male
252,Weylin,Spilsted,wspilsted6z@liveinternet.ru,Male
253,Joyous,Dolan,jdolan70@taobao.com,Female
254,Karee,Fountian,kfountian71@state.tx.us,Female
255,Juan,Eathorne,jeathorne72@feedburner.com,Male
256,Michel,Ilyinski,milyinski73@slashdot.org,Female
257,Tobey,Portman,tportman74@twitter.com,Female
258,Tania,Sinisbury,tsinisbury75@wp.com,Female
259,Maia,Reading,mreading76@ocn.ne.jp,Female
260,Bay,Quiddington,bquiddington77@shareasale.com,Male
261,Danny,Tomeo,dtomeo78@bandcamp.com,Male
262,Carlotta,Kornas,ckornas79@newyorker.com,Female
263,Findley,Seagrove,fseagrove7a@github.com,Male
264,Cob,Du Fray,cdufray7b@fc2.com,Male
265,Moishe,McGowan,mmcgowan7c@baidu.com,Male
266,Liam,Turpin,lturpin7d@yellowpages.com,Male
267,Dannel,Ewebank,dewebank7e@nps.gov,Male
268,Taite,Walthew,twalthew7f@washingtonpost.com,Male
269,Cecil,Ellcock,cellcock7g@sun.com,Female
270,August,Treslove,atreslove7h@pagesperso-orange.fr,Male
271,Etienne,Sawford,esawford7i@digg.com,Male
272,Bondie,Woolens,bwoolens7j@sciencedaily.com,Male
273,Gil,Alvar,galvar7k@facebook.com,Male
274,Jeanette,Quibell,jquibell7l@sakura.ne.jp,Female
275,Francois,Ogden,fogden7m@google.fr,Bigender
276,Brittani,Corlett,bcorlett7n@aboutads.info,Female
277,Cassie,Yeaman,cyeaman7o@elegantthemes.com,Male
278,Becca,Jeannin,bjeannin7p@bbc.co.uk,Female
279,Devlin,Tingle,dtingle7q@google.nl,Male
280,Minerva,Marie,mmarie7r@ycombinator.com,Female
281,Micki,Pedrick,mpedrick7s@smh.com.au,Female
282,Damon,Pennycuick,dpennycuick7t@topsy.com,Male
283,Jillayne,Glazyer,jglazyer7u@example.com,Female
284,Quent,Gullis,qgullis7v@cpanel.net,Male
285,Ericha,Trowell,etrowell7w@cloudflare.com,Female
286,Sidney,Wildor,swildor7x@artisteer.com,Male
287,Arley,Esberger,aesberger7y@hibu.com,Male
288,Wilhelmina,Leinweber,wleinweber7z@technorati.com,Female
289,Maje,Amies,mamies80@freewebs.com,Male
290,Bernadine,De Vere,bdevere81@theglobeandmail.com,Female
291,Henriette,Reynard,hreynard82@ibm.com,Female
292,Carmen,Chasemore,cchasemore83@multiply.com,Female
293,Fernanda,Clowney,fclowney84@ow.ly,Female
294,Valeria,Kelling,vkelling85@ihg.com,Female
295,Abbi,Johnsee,ajohnsee86@baidu.com,Female
296,Astrid,Entres,aentres87@artisteer.com,Female
297,Shayne,Townshend,stownshend88@storify.com,Female
298,Cy,Coslitt,ccoslitt89@usgs.gov,Male
299,Baxy,Sekulla,bsekulla8a@spiegel.de,Male
300,Franciskus,Silcocks,fsilcocks8b@freewebs.com,Male
301,Dino,Rumming,drumming8c@techcrunch.com,Male
302,Alessandra,Link,alink8d@who.int,Polygender
303,Davon,Shovel,dshovel8e@mlb.com,Male
304,Suzi,Dwane,sdwane8f@nba.com,Female
305,Lazaro,Kasperski,lkasperski8g@mashable.com,Male
306,Moise,Tortoise,mtortoise8h@nature.com,Male
307,Starla,Statham,sstatham8i@yellowpages.com,Female
308,Gabby,Doxsey,gdoxsey8j@spiegel.de,Male
309,Chip,Comelli,ccomelli8k@uiuc.edu,Male
310,Hedwiga,Swaisland,hswaisland8l@wix.com,Female
311,Devin,Tousy,dtousy8m@biblegateway.com,Female
312,Alanson,Badger,abadger8n@ning.com,Male
313,Benjie,Cornbell,bcornbell8o@google.ru,Male
314,Agace,Catford,acatford8p@360.cn,Female
315,Scottie,Still,sstill8q@pinterest.com,Male
316,Marcela,Yakobowitch,myakobowitch8r@thetimes.co.uk,Female
317,Prinz,Claypoole,pclaypoole8s@unesco.org,Male
318,Flossi,Magog,fmagog8t@cdc.gov,Female
319,Amye,Etheridge,aetheridge8u@mozilla.com,Female
320,Ingrid,Meffen,imeffen8v@exblog.jp,Female
321,David,Rider,drider8w@newsvine.com,Male
322,Fancy,Rudgard,frudgard8x@theglobeandmail.com,Non-binary
323,Trenton,McAnellye,tmcanellye8y@unc.edu,Male
324,Angeline,Brennans,abrennans8z@ed.gov,Female
325,Francene,Woodthorpe,fwoodthorpe90@wikispaces.com,Female
326,Valenka,Worden,vworden91@soundcloud.com,Female
327,Ariela,Cellone,acellone92@biblegateway.com,Female
328,Toinette,Meatyard,tmeatyard93@dmoz.org,Female
329,Clair,Ovendale,covendale94@jiathis.com,Female
330,Jackson,Wotherspoon,jwotherspoon95@forbes.com,Male
331,Lukas,Calleja,lcalleja96@tripod.com,Male
332,Esma,Probart,eprobart97@mayoclinic.com,Female
333,Burnard,Long,blong98@ted.com,Male
334,Jeno,Brandolini,jbrandolini99@t.co,Male
335,Greggory,Cuttler,gcuttler9a@com.com,Male
336,Tomaso,Gawn,tgawn9b@java.com,Male
337,Silvie,Batte,sbatte9c@examiner.com,Female
338,Felipe,Orcott,forcott9d@blinklist.com,Male
339,Marya,Richmond,mrichmond9e@salon.com,Female
340,Flory,Grimshaw,fgrimshaw9f@furl.net,Female
341,Deeyn,Rillett,drillett9g@devhub.com,Genderqueer
342,Aron,Barfoot,abarfoot9h@yahoo.co.jp,Male
343,Lyell,Hindrick,lhindrick9i@chronoengine.com,Male
344,August,Byford,abyford9j@comsenz.com,Male
345,Tammie,Heball,theball9k@about.com,Female
346,Marinna,Fruin,mfruin9l@mit.edu,Non-binary
347,Esther,Hewes,ehewes9m@amazon.de,Female
348,Richart,Summerley,rsummerley9n@rediff.com,Male
349,Adda,Oppery,aoppery9o@histats.com,Female
350,Geraldine,Szwandt,gszwandt9p@abc.net.au,Female
351,Erwin,Ghiron,eghiron9q@java.com,Male
352,Sonnie,Waterhous,swaterhous9r@upenn.edu,Male
353,Joyous,Norgan,jnorgan9s@telegraph.co.uk,Female
354,Hayley,Fishbourn,hfishbourn9t@pcworld.com,Female
355,Kathie,Dorward,kdorward9u@statcounter.com,Female
356,Nicky,Wherrett,nwherrett9v@github.com,Female
357,Rosemarie,Lightewood,rlightewood9w@g.co,Female
358,Zedekiah,Adamik,zadamik9x@mlb.com,Male
359,Lek,Tuminelli,ltuminelli9y@addthis.com,Male
360,Doris,Minucci,dminucci9z@miitbeian.gov.cn,Female
361,Eberhard,McLugaish,emclugaisha0@si.edu,Male
362,Mattheus,McSperron,mmcsperrona1@vk.com,Male
363,Sheff,Rodear,srodeara2@huffingtonpost.com,Male
364,Shurlocke,Barnsdale,sbarnsdalea3@sohu.com,Male
365,Jackquelin,Bawdon,jbawdona4@businessinsider.com,Female
366,Killy,Brunger,kbrungera5@bloomberg.com,Male
367,Nilson,Sweed,nsweeda6@cnet.com,Male
368,Alastair,Gluyus,agluyusa7@indiatimes.com,Male
369,Arlin,Headings,aheadingsa8@mac.com,Male
370,Jarrett,Viggars,jviggarsa9@exblog.jp,Male
371,Dewie,Jiru,djiruaa@reverbnation.com,Male
372,Alisha,Chislett,achislettab@delicious.com,Female
373,Allie,Huleatt,ahuleattac@ezinearticles.com,Female
374,Thibaud,Swanton,tswantonad@bandcamp.com,Male
375,Gill,Lawless,glawlessae@columbia.edu,Female
376,Jaynell,Brewett,jbrewettaf@toplist.cz,Female
377,Isidore,Deave,ideaveag@xing.com,Male
378,Fidelio,Du Hamel,fduhamelah@buzzfeed.com,Genderfluid
379,Claiborn,Tennant,ctennantai@prnewswire.com,Male
380,Laird,Bexley,lbexleyaj@wordpress.org,Male
381,Kingsly,Lauridsen,klauridsenak@dropbox.com,Male
382,Phyllys,Esherwood,pesherwoodal@slideshare.net,Female
383,Flora,Soeiro,fsoeiroam@dot.gov,Female
384,Cassandry,Edworthye,cedworthyean@so-net.ne.jp,Polygender
385,Sanson,Stebbings,sstebbingsao@cafepress.com,Male
386,Domeniga,Kedslie,dkedslieap@canalblog.com,Female
387,Corrie,Boich,cboichaq@europa.eu,Male
388,Poul,Pettifor,ppettiforar@surveymonkey.com,Male
389,Charlotta,Swatten,cswattenas@gnu.org,Female
390,Retha,Tichelaar,rtichelaarat@webeden.co.uk,Female
391,Aguie,Nucci,anucciau@diigo.com,Male
392,Hillyer,Smithers,hsmithersav@nps.gov,Male
393,Shepperd,Errett,serrettaw@ifeng.com,Male
394,Shermie,Carlton,scarltonax@phoca.cz,Male
395,Glori,Charlot,gcharlotay@ycombinator.com,Female
396,Brunhilda,Keedy,bkeedyaz@furl.net,Female
397,Nikki,Tumayan,ntumayanb0@ebay.com,Female
398,Lillis,Thouless,lthoulessb1@toplist.cz,Female
399,Remy,Cromer,rcromerb2@dailymotion.com,Female
400,Sandy,Corrigan,scorriganb3@go.com,Male
401,Eveleen,Burrage,eburrageb4@t-online.de,Female
402,Twila,Starking,tstarkingb5@a8.net,Female
403,Alanson,Stanlick,astanlickb6@arizona.edu,Male
404,Darby,Arnaudot,darnaudotb7@walmart.com,Male
405,Misha,Childs,mchildsb8@gov.uk,Female
406,Benito,Clue,bclueb9@europa.eu,Male
407,Jessa,Kanzler,jkanzlerba@mozilla.org,Female
408,Gibby,Quinton,gquintonbb@reverbnation.com,Male
409,Judd,Sydall,jsydallbc@bloomberg.com,Male
410,Jeno,Goult,jgoultbd@freewebs.com,Male
411,Allys,Popplewell,apopplewellbe@elegantthemes.com,Female
412,Zedekiah,Souley,zsouleybf@ft.com,Male
413,Glynis,Dallas,gdallasbg@cyberchimps.com,Female
414,Josepha,Worlock,jworlockbh@photobucket.com,Genderqueer
415,Claresta,Fibben,cfibbenbi@wikimedia.org,Female
416,Waylon,Gravenall,wgravenallbj@bigcartel.com,Polygender
417,Nichole,Eassom,neassombk@odnoklassniki.ru,Male
418,Betteann,Oxterby,boxterbybl@geocities.jp,Female
419,Brock,Hogbin,bhogbinbm@cnbc.com,Agender
420,Salomon,Hars,sharsbn@chicagotribune.com,Bigender
421,Eloisa,Twopenny,etwopennybo@illinois.edu,Female
422,Ab,Shobrook,ashobrookbp@gov.uk,Male
423,Benedetto,Cainey,bcaineybq@trellian.com,Male
424,Selie,Bebis,sbebisbr@seesaa.net,Polygender
425,Laureen,Yakushkev,lyakushkevbs@globo.com,Female
426,Lon,Farloe,lfarloebt@dell.com,Male
427,Ali,Lyman,alymanbu@istockphoto.com,Agender
428,Zed,Meader,zmeaderbv@ebay.com,Male
429,Pincus,Webbe,pwebbebw@1688.com,Male
430,Caesar,Saintsbury,csaintsburybx@eventbrite.com,Genderqueer
431,Godard,Bastow,gbastowby@jiathis.com,Male
432,Karel,Shrubshall,kshrubshallbz@cisco.com,Female
433,Arnie,Brophy,abrophyc0@hc360.com,Male
434,Antoine,Hugonneau,ahugonneauc1@dropbox.com,Male
435,Kendall,Kleinert,kkleinertc2@huffingtonpost.com,Male
436,Hurley,Facchini,hfacchinic3@huffingtonpost.com,Male
437,Clair,Bennedsen,cbennedsenc4@jigsy.com,Female
438,Maia,Bowshire,mbowshirec5@sun.com,Female
439,Myrtice,Bilam,mbilamc6@mozilla.com,Female
440,Matthieu,Larroway,mlarrowayc7@hugedomains.com,Male
441,Dinnie,Souter,dsouterc8@networkadvertising.org,Female
442,Vanya,Methringham,vmethringhamc9@telegraph.co.uk,Genderqueer
443,Jeramey,Conklin,jconklinca@clickbank.net,Male
444,Alessandro,Bresson,abressoncb@nytimes.com,Male
445,Garek,Kunkel,gkunkelcc@oakley.com,Male
446,Ransell,Sikorsky,rsikorskycd@seattletimes.com,Male
447,Maryanne,Tollerfield,mtollerfieldce@archive.org,Female
448,Maggie,Nise,mnisecf@japanpost.jp,Female
449,Tedi,Scneider,tscneidercg@sciencedirect.com,Female
450,Englebert,Maher,emaherch@fc2.com,Male
451,Jamey,Ladson,jladsonci@amazon.com,Genderqueer
452,Michael,Matschuk,mmatschukcj@wikimedia.org,Male
453,Durante,Richardeau,drichardeauck@bing.com,Male
454,Zita,McCleary,zmcclearycl@parallels.com,Female
455,Gonzales,Ranns,grannscm@arizona.edu,Male
456,Chester,Karczinski,ckarczinskicn@wiley.com,Male
457,Petronia,Buckwell,pbuckwellco@stanford.edu,Female
458,Rori,Durnall,rdurnallcp@eventbrite.com,Female
459,Delmar,Persey,dperseycq@noaa.gov,Male
460,Gerald,Larver,glarvercr@mediafire.com,Male
461,Fidel,Jerrome,fjerromecs@google.pl,Male
462,Alden,Britto,abrittoct@gmpg.org,Male
463,Rhianna,Camber,rcambercu@ovh.net,Non-binary
464,Gilemette,Layborn,glayborncv@skyrock.com,Female
465,Salomi,Hardaker,shardakercw@icq.com,Bigender
466,Janette,Sydes,jsydescx@webeden.co.uk,Female
467,Dael,Picton,dpictoncy@archive.org,Male
468,Rae,Jasper,rjaspercz@wikipedia.org,Non-binary
469,Moira,Flescher,mflescherd0@diigo.com,Female
470,Robert,Darrington,rdarringtond1@theglobeandmail.com,Male
471,Eleanora,Overstreet,eoverstreetd2@umn.edu,Female
472,Benji,Tildesley,btildesleyd3@163.com,Male
473,Carlie,Emmerson,cemmersond4@nih.gov,Genderqueer
474,Felicio,Keable,fkeabled5@ihg.com,Male
475,Ofilia,Cereceres,ocereceresd6@merriam-webster.com,Female
476,Nelson,McGeouch,nmcgeouchd7@accuweather.com,Male
477,Lee,Markushkin,lmarkushkind8@meetup.com,Male
478,Pennie,Goddard,pgoddardd9@yahoo.com,Male
479,Guillaume,Hurry,ghurryda@go.com,Male
480,Traci,Pencost,tpencostdb@washington.edu,Female
481,Craig,Dikes,cdikesdc@surveymonkey.com,Male
482,Kimble,Sivill,ksivilldd@hugedomains.com,Male
483,Ophelia,Phelips,ophelipsde@blog.com,Female
484,Dur,Blumer,dblumerdf@businessweek.com,Male
485,Alidia,Lindell,alindelldg@topsy.com,Female
486,Lizzie,Stryde,lstrydedh@unicef.org,Polygender
487,Joyous,Purkins,jpurkinsdi@ameblo.jp,Female
488,Arlette,Harmson,aharmsondj@typepad.com,Female
489,Winfield,Normaville,wnormavilledk@ow.ly,Male
490,Neel,Nicholas,nnicholasdl@free.fr,Male
491,Aviva,Scouler,ascoulerdm@goo.ne.jp,Female
492,Wilt,Serck,wserckdn@g.co,Male
493,Adrien,Davidde,adaviddedo@google.de,Male
494,Godard,Hethron,ghethrondp@barnesandnoble.com,Male
495,Chloris,Moden,cmodendq@cnbc.com,Female
496,Rhett,Ruzicka,rruzickadr@domainmarket.com,Male
497,Carlyle,Mattes,cmattesds@shutterfly.com,Male
498,Jarvis,Passby,jpassbydt@yelp.com,Male
499,Maximilian,Meredith,mmeredithdu@ow.ly,Male
500,Noreen,Brandenburg,nbrandenburgdv@yandex.ru,Female
501,Taylor,Jarrold,tjarrolddw@yahoo.com,Male
502,Felizio,Bucke,fbuckedx@sitemeter.com,Genderqueer
503,Gerri,Rhymer,grhymerdy@omniture.com,Female
504,Stevena,Rebert,srebertdz@ask.com,Female
505,Kirstin,Disdel,kdisdele0@usatoday.com,Female
506,Arlin,Whillock,awhillocke1@auda.org.au,Male
507,Katherina,Writer,kwritere2@istockphoto.com,Female
508,Archibald,Lemerle,alemerlee3@ezinearticles.com,Male
509,Dagmar,Fossey,dfosseye4@posterous.com,Female
510,Marlo,Rubee,mrubeee5@google.ca,Agender
511,Gunner,Vasyatkin,gvasyatkine6@tinypic.com,Genderfluid
512,Garrek,Vergo,gvergoe7@ca.gov,Male
513,Bancroft,Pavinese,bpavinesee8@youtu.be,Genderqueer
514,Allyn,Fadell,afadelle9@theglobeandmail.com,Female
515,Ave,Mapother,amapotherea@phpbb.com,Male
516,Maurie,Beden,mbedeneb@businesswire.com,Male
517,Dewie,Innocent,dinnocentec@yellowpages.com,Male
518,Carole,Lillicrop,clillicroped@harvard.edu,Female
519,Adriana,Lewin,alewinee@storify.com,Genderfluid
520,Warden,Lauga,wlaugaef@wikipedia.org,Male
521,Shelley,Drains,sdrainseg@wikispaces.com,Male
522,Fancie,Longbottom,flongbottomeh@jugem.jp,Female
523,Cherice,Blencowe,cblencoweei@ed.gov,Female
524,Padget,Doxsey,pdoxseyej@tuttocitta.it,Male
525,Zebadiah,Leftridge,zleftridgeek@wp.com,Male
526,Haydon,Hemphrey,hhemphreyel@tripadvisor.com,Male
527,Daniel,Gentile,dgentileem@issuu.com,Male
528,Witty,Peasgood,wpeasgooden@de.vu,Male
529,Elisabetta,Gifkins,egifkinseo@uiuc.edu,Agender
530,Callean,Grafton,cgraftonep@creativecommons.org,Genderqueer
531,Bonnie,Housden,bhousdeneq@csmonitor.com,Genderfluid
532,Tallulah,Baum,tbaumer@cornell.edu,Female
533,Ddene,Harkins,dharkinses@businessweek.com,Female
534,Averil,MacArdle,amacardleet@timesonline.co.uk,Genderqueer
535,Warren,Bartaletti,wbartalettieu@typepad.com,Male
536,Mufi,Todarello,mtodarelloev@slashdot.org,Female
537,Mattie,Lacknor,mlacknorew@blinklist.com,Female
538,Fritz,Dalgliesh,fdalglieshex@yolasite.com,Male
539,Trix,Hodcroft,thodcroftey@godaddy.com,Female
540,Llewellyn,Mintram,lmintramez@a8.net,Genderqueer
541,Manolo,Entissle,mentisslef0@fotki.com,Male
542,Mackenzie,Leyson,mleysonf1@usnews.com,Male
543,Chickie,Brimfield,cbrimfieldf2@csmonitor.com,Genderqueer
544,Gearard,Bader,gbaderf3@reverbnation.com,Male
545,Dorie,Blower,dblowerf4@live.com,Female
546,Mordy,Penman,mpenmanf5@linkedin.com,Male
547,Waiter,Okenden,wokendenf6@soup.io,Male
548,Lennie,Ibarra,libarraf7@w3.org,Male
549,Robby,Karpman,rkarpmanf8@artisteer.com,Male
550,Pearla,Tott,ptottf9@amazon.co.uk,Female
551,Belita,Muino,bmuinofa@usa.gov,Female
552,Scarface,Tomasicchio,stomasicchiofb@state.gov,Male
553,Gunner,Bentjens,gbentjensfc@businesswire.com,Male
554,Derril,Marriott,dmarriottfd@fema.gov,Male
555,Ches,Slator,cslatorfe@pagesperso-orange.fr,Male
556,Haleigh,Presley,hpresleyff@earthlink.net,Female
557,Ingrim,Going,igoingfg@cpanel.net,Male
558,Kevon,Aupol,kaupolfh@cloudflare.com,Male
559,Laure,Risley,lrisleyfi@instagram.com,Female
560,Bernie,Keeri,bkeerifj@gov.uk,Female
561,Sheilah,Leather,sleatherfk@cbsnews.com,Female
562,Isidore,ducarme,iducarmefl@sciencedirect.com,Bigender
563,Brennan,Delgua,bdelguafm@aol.com,Male
564,Derrek,Stebbings,dstebbingsfn@cocolog-nifty.com,Male
565,Cherida,Waggett,cwaggettfo@yolasite.com,Female
566,Clayton,Dallicoat,cdallicoatfp@woothemes.com,Male
567,Allissa,Wrist,awristfq@exblog.jp,Female
568,Meridith,Hendonson,mhendonsonfr@ameblo.jp,Female
569,Mattie,Marusic,mmarusicfs@gnu.org,Male
570,Teirtza,Gogarty,tgogartyft@vimeo.com,Female
571,Shirleen,Surmeyer,ssurmeyerfu@constantcontact.com,Female
572,Abeu,Yegorshin,ayegorshinfv@biblegateway.com,Male
573,Frants,Barzen,fbarzenfw@rediff.com,Polygender
574,Lira,Poznan,lpoznanfx@reddit.com,Female
575,Hedwiga,Chifney,hchifneyfy@hostgator.com,Female
576,Clair,Insko,cinskofz@com.com,Bigender
577,Mathew,Cuddehy,mcuddehyg0@canalblog.com,Male
578,Agosto,Kornes,akornesg1@tinyurl.com,Male
579,Bibbye,Jacquemet,bjacquemetg2@umn.edu,Female
580,Hercules,Hedin,hheding3@ustream.tv,Male
581,Cynde,Bearn,cbearng4@marketwatch.com,Female
582,Taite,Lufkin,tlufking5@usda.gov,Male
583,Aubrette,Justice,ajusticeg6@icio.us,Female
584,Marcos,Ellum,mellumg7@drupal.org,Male
585,Tyrone,Pickersail,tpickersailg8@mtv.com,Male
586,Paloma,Crampin,pcramping9@cam.ac.uk,Female
587,Leila,Spruce,lsprucega@sfgate.com,Female
588,Mariska,Devaney,mdevaneygb@pinterest.com,Bigender
589,Paloma,Maplethorp,pmaplethorpgc@cnet.com,Female
590,Jarred,Lomis,jlomisgd@forbes.com,Male
591,Gwenette,McKeady,gmckeadyge@google.ca,Female
592,Von,Sawdon,vsawdongf@virginia.edu,Male
593,Alyse,Pantling,apantlinggg@spotify.com,Female
594,Worthington,Deevey,wdeeveygh@godaddy.com,Male
595,Laurie,Ryde,lrydegi@marriott.com,Male
596,Tova,Gogin,tgogingj@wired.com,Polygender
597,Vasily,Renbold,vrenboldgk@va.gov,Male
598,Juliane,Creavan,jcreavangl@desdev.cn,Female
599,Lil,Prestner,lprestnergm@jimdo.com,Female
600,Michaella,Rouff,mrouffgn@jimdo.com,Female
601,Patin,Malley,pmalleygo@sohu.com,Male
602,Tiff,Sinnatt,tsinnattgp@ucoz.com,Polygender
603,Lodovico,Mapis,lmapisgq@amazonaws.com,Male
604,Ernesta,Blaylock,eblaylockgr@163.com,Female
605,Marlene,Killoran,mkillorangs@timesonline.co.uk,Female
606,Lucia,Whellams,lwhellamsgt@360.cn,Female
607,Stan,Ferraron,sferrarongu@friendfeed.com,Male
608,Martynne,O'Rafferty,moraffertygv@techcrunch.com,Female
609,Elliot,Reeman,ereemangw@loc.gov,Male
610,Ruthe,Chomicz,rchomiczgx@privacy.gov.au,Female
611,Warner,Wollard,wwollardgy@google.co.jp,Non-binary
612,Leah,Skully,lskullygz@ezinearticles.com,Female
613,Wallas,Buckby,wbuckbyh0@canalblog.com,Male
614,Kathryn,McGregor,kmcgregorh1@ca.gov,Female
615,Ester,Yeo,eyeoh2@telegraph.co.uk,Female
616,Rafe,Faulkes,rfaulkesh3@senate.gov,Male
617,Milena,Fulbrook,mfulbrookh4@aboutads.info,Female
618,Fara,Peal,fpealh5@samsung.com,Female
619,Marci,Santos,msantosh6@rediff.com,Genderfluid
620,Eustacia,Pearcy,epearcyh7@netscape.com,Female
621,Jewelle,Elener,jelenerh8@pbs.org,Female
622,Graehme,Akred,gakredh9@sakura.ne.jp,Male
623,Byram,Dahlborg,bdahlborgha@noaa.gov,Male
624,Wilbert,Culwen,wculwenhb@eventbrite.com,Male
625,Gregg,Shapera,gshaperahc@github.com,Male
626,Maridel,Folbigg,mfolbigghd@aol.com,Female
627,Winonah,Buckleigh,wbuckleighhe@earthlink.net,Female
628,Nara,Konke,nkonkehf@xrea.com,Female
629,Karlens,Rodger,krodgerhg@home.pl,Male
630,Melessa,Dunkerley,mdunkerleyhh@dagondesign.com,Female
631,Angie,Padson,apadsonhi@hubpages.com,Female
632,Graehme,Olcot,golcothj@zimbio.com,Male
633,Brittney,Masse,bmassehk@engadget.com,Female
634,Noam,Simmance,nsimmancehl@nba.com,Male
635,Alonzo,Broddle,abroddlehm@soup.io,Male
636,Nicolai,Boat,nboathn@issuu.com,Male
637,Ethan,Blackborn,eblackbornho@quantcast.com,Male
638,Luigi,Partridge,lpartridgehp@miitbeian.gov.cn,Male
639,Brig,Moorfield,bmoorfieldhq@apple.com,Male
640,Dorene,Winspire,dwinspirehr@examiner.com,Female
641,Augustine,Fairfoull,afairfoullhs@huffingtonpost.com,Genderfluid
642,Hilario,Lilleycrop,hlilleycropht@ning.com,Male
643,Charlotta,Littleton,clittletonhu@bloglovin.com,Female
644,Sky,Chaunce,schauncehv@skype.com,Bigender
645,Kenon,Gillbe,kgillbehw@independent.co.uk,Male
646,Dinah,Lundy,dlundyhx@apache.org,Female
647,Onfre,Peskett,opesketthy@pinterest.com,Male
648,Celestyn,Quan,cquanhz@tinypic.com,Female
649,Ara,Birkbeck,abirkbecki0@desdev.cn,Male
650,Christal,Roussel,crousseli1@dedecms.com,Female
651,Georgi,Finkle,gfinklei2@earthlink.net,Bigender
652,Melitta,Lyosik,mlyosiki3@artisteer.com,Female
653,Agretha,Trott,atrotti4@wufoo.com,Female
654,Merrill,Dudenie,mdudeniei5@vinaora.com,Male
655,Kaitlin,Tassell,ktasselli6@google.cn,Female
656,Glendon,Ogglebie,gogglebiei7@zdnet.com,Male
657,Georgine,Goly,ggolyi8@prnewswire.com,Female
658,Joseito,Borsnall,jborsnalli9@sohu.com,Male
659,Paul,Norville,pnorvilleia@flickr.com,Male
660,Winnie,Center,wcenterib@narod.ru,Male
661,Guss,McDavitt,gmcdavittic@instagram.com,Male
662,Gallagher,Dowsett,gdowsettid@cloudflare.com,Male
663,Trudie,Abdee,tabdeeie@redcross.org,Female
664,Chev,Antoniutti,cantoniuttiif@ezinearticles.com,Male
665,Rosana,Cancellieri,rcancellieriig@hibu.com,Female
666,Erasmus,McNeish,emcneishih@csmonitor.com,Male
667,Ruthe,Antunes,rantunesii@alibaba.com,Female
668,Marci,Aslett,maslettij@phpbb.com,Female
669,Halette,Dashper,hdashperik@t.co,Female
670,Orlando,Radford,oradfordil@lycos.com,Male
671,Ginger,Kleinber,gkleinberim@example.com,Female
672,Tabbatha,Giron,tgironin@aol.com,Female
673,Neall,Britian,nbritianio@europa.eu,Male
674,Barnie,Probey,bprobeyip@sina.com.cn,Male
675,Mozelle,McCobb,mmccobbiq@wisc.edu,Female
676,Valentina,Gluyas,vgluyasir@tiny.cc,Female
677,Lori,Vankin,lvankinis@youtu.be,Polygender
678,Mireielle,Vlasin,mvlasinit@marketwatch.com,Female
679,Marisa,Gadault,mgadaultiu@list-manage.com,Female
680,Caril,Fahy,cfahyiv@indiatimes.com,Female
681,Rickie,McAw,rmcawiw@gmpg.org,Male
682,Diarmid,Blaxill,dblaxillix@issuu.com,Male
683,Niel,Westby,nwestbyiy@jalbum.net,Male
684,Lorenza,Hubbard,lhubbardiz@netlog.com,Female
685,Tanney,Chaston,tchastonj0@netvibes.com,Male
686,Beitris,Edelheid,bedelheidj1@xing.com,Female
687,Alis,Swains,aswainsj2@businesswire.com,Female
688,Vilma,Bampkin,vbampkinj3@ameblo.jp,Female
689,Geri,Astridge,gastridgej4@paypal.com,Male
690,Stella,Stych,sstychj5@alibaba.com,Polygender
691,Eugen,Hailwood,ehailwoodj6@e-recht24.de,Male
692,Patin,Ronan,pronanj7@hexun.com,Male
693,Clark,Jurn,cjurnj8@elegantthemes.com,Male
694,Celestyna,Lonergan,clonerganj9@ucsd.edu,Female
695,Ryon,Idel,ridelja@constantcontact.com,Male
696,Sergeant,Le land,slelandjb@cnbc.com,Male
697,Aleen,Bolsteridge,abolsteridgejc@creativecommons.org,Female
698,Sande,McFadyen,smcfadyenjd@people.com.cn,Female
699,Martyn,Holhouse,mholhouseje@php.net,Male
700,Jimmy,Muddimer,jmuddimerjf@homestead.com,Bigender
701,Lina,Cristobal,lcristobaljg@miitbeian.gov.cn,Female
702,Raina,Mitham,rmithamjh@yahoo.com,Female
703,Morgan,Whiteside,mwhitesideji@cdc.gov,Female
704,Jyoti,Feehery,jfeeheryjj@washington.edu,Female
705,Fallon,Swinburne,fswinburnejk@discuz.net,Female
706,Cyril,Berryann,cberryannjl@economist.com,Male
707,Ad,Beaver,abeaverjm@istockphoto.com,Male
708,Audrye,Reekie,areekiejn@over-blog.com,Genderqueer
709,Pascale,Kun,pkunjo@usnews.com,Male
710,Rebekkah,Frew,rfrewjp@zdnet.com,Female
711,Diarmid,Davitti,ddavittijq@about.com,Male
712,Sybila,Dallosso,sdallossojr@mail.ru,Female
713,Carmine,Doniso,cdonisojs@gov.uk,Male
714,Enoch,Solon,esolonjt@plala.or.jp,Male
715,Mavis,Gherarducci,mgherarducciju@slideshare.net,Agender
716,Cissy,Chamley,cchamleyjv@github.com,Female
717,Adara,Larrie,alarriejw@apple.com,Female
718,Neron,Hebble,nhebblejx@blinklist.com,Male
719,Kinnie,Dobney,kdobneyjy@cdbaby.com,Male
720,Holden,Galletly,hgalletlyjz@globo.com,Male
721,Gerald,Pearch,gpearchk0@yolasite.com,Male
722,Timmy,Aspden,taspdenk1@about.com,Female
723,Micky,Caldaro,mcaldarok2@instagram.com,Female
724,Barbee,Curnnok,bcurnnokk3@delicious.com,Genderqueer
725,Jerrome,Dacres,jdacresk4@omniture.com,Male
726,Roderick,Hendricks,rhendricksk5@latimes.com,Male
727,Cammie,Penkman,cpenkmank6@weather.com,Female
728,Eadmund,Tapper,etapperk7@ocn.ne.jp,Male
729,Ellsworth,Sine,esinek8@sourceforge.net,Male
730,Harmonie,Wainscot,hwainscotk9@mozilla.com,Female
731,Felipe,Fitt,ffittka@yelp.com,Male
732,Claudina,Urien,curienkb@theguardian.com,Female
733,Jarrid,Putley,jputleykc@admin.ch,Male
734,Paule,Holworth,pholworthkd@oakley.com,Female
735,Abbe,Weth,awethke@sitemeter.com,Male
736,Edwina,Cabrer,ecabrerkf@mashable.com,Female
737,Astrid,Challis,achalliskg@bing.com,Female
738,Ansley,Ennew,aennewkh@xinhuanet.com,Female
739,Karlotta,Antrag,kantragki@state.tx.us,Female
740,Elysha,Freckelton,efreckeltonkj@nbcnews.com,Female
741,Lorraine,Colborn,lcolbornkk@so-net.ne.jp,Female
742,Puff,Gillmor,pgillmorkl@go.com,Male
743,Leonie,Leman,llemankm@is.gd,Female
744,Wandis,Conkay,wconkaykn@yellowpages.com,Female
745,Carrol,Cownden,ccowndenko@hp.com,Male
746,Marin,Ellington,mellingtonkp@parallels.com,Female
747,Otha,Vivians,ovivianskq@i2i.jp,Female
748,Hayyim,Bratt,hbrattkr@reverbnation.com,Male
749,Cristionna,Peschet,cpeschetks@spiegel.de,Female
750,Taber,Lemmer,tlemmerkt@discovery.com,Male
751,Paddy,Glowach,pglowachku@bloomberg.com,Male
752,Brena,Drei,bdreikv@ihg.com,Non-binary
753,Sophronia,Dunaway,sdunawaykw@list-manage.com,Female
754,Stacey,Ghirigori,sghirigorikx@multiply.com,Female
755,Cele,Varley,cvarleyky@bigcartel.com,Female
756,Sileas,Leggat,sleggatkz@paypal.com,Female
757,Harmonia,Obin,hobinl0@ezinearticles.com,Female
758,Zorine,Haddon,zhaddonl1@state.tx.us,Female
759,Jamie,Frank,jfrankl2@blogger.com,Male
760,Diandra,Rolling,drollingl3@shop-pro.jp,Female
761,Marcela,Dumsday,mdumsdayl4@ed.gov,Female
762,Leanora,Dewsnap,ldewsnapl5@shinystat.com,Female
763,Miguela,Pasterfield,mpasterfieldl6@sina.com.cn,Female
764,Roldan,Leighfield,rleighfieldl7@npr.org,Male
765,Birk,Kaindl,bkaindll8@tuttocitta.it,Male
766,Carissa,Tysall,ctysalll9@twitter.com,Female
767,Nissy,Bruin,nbruinla@uiuc.edu,Female
768,Wallie,Kleimt,wkleimtlb@feedburner.com,Female
769,Flor,Laimable,flaimablelc@linkedin.com,Female
770,Roldan,Spuner,rspunerld@sina.com.cn,Male
771,Rosalynd,Olyfat,rolyfatle@china.com.cn,Female
772,Bria,Steers,bsteerslf@chronoengine.com,Female
773,Katheryn,Standall,kstandalllg@rakuten.co.jp,Female
774,Oby,Grishaev,ogrishaevlh@photobucket.com,Agender
775,Yoshi,McMeyler,ymcmeylerli@github.io,Genderqueer
776,Janine,Pauli,jpaulilj@mashable.com,Female
777,Marnia,Swinglehurst,mswinglehurstlk@yolasite.com,Female
778,Margaux,Faley,mfaleyll@narod.ru,Female
779,Lorita,Ealden,lealdenlm@cocolog-nifty.com,Female
780,Cecil,Gerardet,cgerardetln@paginegialle.it,Female
781,Francis,Trusty,ftrustylo@bigcartel.com,Genderfluid
782,Aurea,Imlacke,aimlackelp@shinystat.com,Female
783,Thoma,Catherall,tcatheralllq@spotify.com,Male
784,Benedetto,Abramamov,babramamovlr@bloglovin.com,Male
785,Phoebe,Speechly,pspeechlyls@paginegialle.it,Non-binary
786,Dyane,Jacqueminot,djacqueminotlt@histats.com,Female
787,Hermia,Mc Meekin,hmcmeekinlu@odnoklassniki.ru,Female
788,Dickie,Sysland,dsyslandlv@people.com.cn,Male
789,Georgena,Strowger,gstrowgerlw@ovh.net,Female
790,Ximenes,Radke,xradkelx@cisco.com,Male
791,Raye,Urrey,rurreyly@nasa.gov,Female
792,Stace,O'Lehane,solehanelz@bluehost.com,Female
793,Aarika,Ettles,aettlesm0@exblog.jp,Female
794,Etan,Maddie,emaddiem1@microsoft.com,Male
795,Abdul,Miche,amichem2@un.org,Male
796,Pate,Petrovykh,ppetrovykhm3@virginia.edu,Bigender
797,Cami,Aimable,caimablem4@japanpost.jp,Female
798,Elora,Klaaassen,eklaaassenm5@timesonline.co.uk,Female
799,Kaleena,Edensor,kedensorm6@soundcloud.com,Female
800,Baxter,Ferriman,bferrimanm7@walmart.com,Male
801,Torrey,Beastall,tbeastallm8@cornell.edu,Male
802,Bernadina,Trusse,btrussem9@marketwatch.com,Female
803,Crystie,Casterou,ccasterouma@g.co,Female
804,Bo,Shrawley,bshrawleymb@seattletimes.com,Male
805,Aurlie,Martusov,amartusovmc@cbc.ca,Female
806,Flem,McDermott-Row,fmcdermottrowmd@cloudflare.com,Male
807,Kalvin,Jirak,kjirakme@nytimes.com,Male
808,Odille,Helstrom,ohelstrommf@sina.com.cn,Female
809,Leontyne,Oldfield-Cherry,loldfieldcherrymg@dedecms.com,Female
810,Eric,Avrahamian,eavrahamianmh@economist.com,Male
811,Jacquenette,Saveall,jsaveallmi@goodreads.com,Female
812,Zondra,Mitchenson,zmitchensonmj@alibaba.com,Polygender
813,Bernadina,Tellenbroker,btellenbrokermk@sourceforge.net,Female
814,Rollin,Barrowclough,rbarrowcloughml@google.com.au,Bigender
815,Adriano,Boken,abokenmm@prweb.com,Male
816,Blondelle,Brach,bbrachmn@springer.com,Female
817,Raviv,Kapiloff,rkapiloffmo@cbc.ca,Male
818,Othelia,Heather,oheathermp@ebay.co.uk,Female
819,Tulley,Melmore,tmelmoremq@wunderground.com,Male
820,Fairfax,Gepp,fgeppmr@clickbank.net,Male
821,Eveleen,Pietraszek,epietraszekms@wikipedia.org,Female
822,Hewie,Newport,hnewportmt@barnesandnoble.com,Male
823,Ashbey,Nipper,anippermu@digg.com,Male
824,Boothe,Andrysiak,bandrysiakmv@w3.org,Male
825,Zitella,Doggart,zdoggartmw@unicef.org,Female
826,Ottilie,Harker,oharkermx@technorati.com,Female
827,Guglielmo,Crees,gcreesmy@hugedomains.com,Male
828,Keir,Tew,ktewmz@phoca.cz,Polygender
829,Carlie,Guys,cguysn0@topsy.com,Female
830,Larina,Loade,lloaden1@simplemachines.org,Female
831,Dorothea,Bampkin,dbampkinn2@networksolutions.com,Female
832,Wit,Patton,wpattonn3@free.fr,Non-binary
833,Gretchen,Priddie,gpriddien4@purevolume.com,Female
834,Randi,Andriss,randrissn5@taobao.com,Female
835,Corabel,Varndall,cvarndalln6@tumblr.com,Female
836,Ailey,Blankenship,ablankenshipn7@4shared.com,Female
837,Rockwell,Maskill,rmaskilln8@spotify.com,Male
838,Clio,Skitral,cskitraln9@behance.net,Female
839,Arney,Grgic,agrgicna@hhs.gov,Male
840,Ferd,Boorn,fboornnb@naver.com,Male
841,Galvin,Jakeman,gjakemannc@quantcast.com,Male
842,Ashley,Llewhellin,allewhellinnd@discovery.com,Male
843,Cate,McNabb,cmcnabbne@bizjournals.com,Female
844,Barton,Briereton,bbrieretonnf@msn.com,Male
845,Muriel,Viveash,mviveashng@boston.com,Female
846,Page,Ainsley,painsleynh@goodreads.com,Male
847,Gustie,Stevens,gstevensni@dmoz.org,Female
848,Haley,Blackbrough,hblackbroughnj@myspace.com,Male
849,Tamma,Smurfit,tsmurfitnk@geocities.jp,Female
850,Opal,Adelberg,oadelbergnl@cyberchimps.com,Non-binary
851,Gunar,Kemshell,gkemshellnm@uiuc.edu,Male
852,Dosi,Suggitt,dsuggittnn@ning.com,Female
853,Sheba,Teers,steersno@amazon.co.jp,Female
854,Gerri,Loughren,gloughrennp@discuz.net,Female
855,Khalil,Casin,kcasinnq@zdnet.com,Male
856,Reynard,Matthiae,rmatthiaenr@who.int,Male
857,Zarah,Walworth,zwalworthns@nih.gov,Agender
858,Stacee,Greatrex,sgreatrexnt@jalbum.net,Male
859,Merv,Guillem,mguillemnu@blog.com,Male
860,Alvinia,Labadini,alabadininv@delicious.com,Female
861,Kristine,Brannon,kbrannonnw@cbc.ca,Female
862,Arlee,Astlett,aastlettnx@live.com,Female
863,Ashton,Songist,asongistny@over-blog.com,Male
864,Chicky,Hammersley,chammersleynz@blinklist.com,Polygender
865,Jania,Gossart,jgossarto0@va.gov,Female
866,Jerrome,Dana,jdanao1@ebay.co.uk,Male
867,Kippy,Phizackarley,kphizackarleyo2@cyberchimps.com,Female
868,Katherine,Giaomozzo,kgiaomozzoo3@freewebs.com,Female
869,Alyce,Lintott,alintotto4@globo.com,Female
870,Coreen,Buey,cbueyo5@studiopress.com,Female
871,Stevana,Twitty,stwittyo6@tripod.com,Female
872,Legra,Biggen,lbiggeno7@businessweek.com,Female
873,Darbie,Beseke,dbesekeo8@lycos.com,Female
874,Beltran,Mattersey,bmatterseyo9@ucsd.edu,Male
875,Harlie,Mendus,hmendusoa@zdnet.com,Female
876,Laughton,Tash,ltashob@whitehouse.gov,Male
877,Jud,Buffy,jbuffyoc@time.com,Male
878,Madelon,Heningam,mheningamod@gnu.org,Non-binary
879,Paddy,Ryal,pryaloe@dailymail.co.uk,Male
880,Kordula,Creffield,kcreffieldof@wordpress.org,Female
881,Lyndel,Mercy,lmercyog@tiny.cc,Female
882,Aggie,Glasheen,aglasheenoh@1und1.de,Female
883,Obidiah,Swinburn,oswinburnoi@chronoengine.com,Male
884,Cam,Finlay,cfinlayoj@jimdo.com,Female
885,Nichols,Buswell,nbuswellok@ycombinator.com,Male
886,Maryjo,MacElholm,mmacelholmol@businesswire.com,Female
887,Starlin,Cuthill,scuthillom@wufoo.com,Female
888,Janis,Krollman,jkrollmanon@ft.com,Female
889,Shaine,Hawkridge,shawkridgeoo@cargocollective.com,Female
890,Abramo,Goodbairn,agoodbairnop@wordpress.com,Male
891,Kimmie,Matchett,kmatchettoq@apple.com,Female
892,Mandel,Ambroise,mambroiseor@geocities.jp,Male
893,Emory,Faier,efaieros@bluehost.com,Male
894,Margarete,Dymocke,mdymockeot@themeforest.net,Female
895,Gallard,Fobidge,gfobidgeou@plala.or.jp,Male
896,Teodoro,Kearns,tkearnsov@google.it,Non-binary
897,Bennie,Postill,bpostillow@purevolume.com,Male
898,Adore,Buttress,abuttressox@nhs.uk,Female
899,Corenda,Fargher,cfargheroy@discuz.net,Female
900,Datha,Willshire,dwillshireoz@livejournal.com,Female
901,Duffie,Naughton,dnaughtonp0@wired.com,Male
902,Ekaterina,Hunnisett,ehunnisettp1@examiner.com,Female
903,Aryn,Gowing,agowingp2@businessinsider.com,Female
904,Shantee,Vautre,svautrep3@addthis.com,Female
905,Chip,Findon,cfindonp4@home.pl,Male
906,Edouard,Bourcq,ebourcqp5@1688.com,Male
907,Candy,Augie,caugiep6@irs.gov,Female
908,Timmie,Beenham,tbeenhamp7@marriott.com,Female
909,Catharine,Kepling,ckeplingp8@moonfruit.com,Genderfluid
910,Loydie,Daniell,ldaniellp9@harvard.edu,Male
911,Antonia,MacLice,amaclicepa@bizjournals.com,Female
912,Ferdinande,Tuddenham,ftuddenhampb@myspace.com,Female
913,Noam,Scothorne,nscothornepc@accuweather.com,Male
914,Annis,Sellors,asellorspd@wp.com,Female
915,Derrik,Dudmesh,ddudmeshpe@smh.com.au,Male
916,Jania,Westraw,jwestrawpf@shutterfly.com,Female
917,Arly,Scougall,ascougallpg@tripod.com,Female
918,Shayna,Ech,sechph@mlb.com,Female
919,Demeter,Capoun,dcapounpi@blogs.com,Female
920,Kyle,Pindell,kpindellpj@bandcamp.com,Male
921,Carney,Josifovitz,cjosifovitzpk@goo.ne.jp,Male
922,Hastings,Fenney,hfenneypl@delicious.com,Male
923,Pearl,Tackell,ptackellpm@independent.co.uk,Female
924,Brynn,Pharro,bpharropn@accuweather.com,Female
925,Marlin,Iannetti,miannettipo@live.com,Male
926,Zelig,Bigham,zbighampp@vistaprint.com,Male
927,Thain,Loverock,tloverockpq@examiner.com,Male
928,Nalani,Raine,nrainepr@pinterest.com,Female
929,Carie,Dulinty,cdulintyps@yahoo.com,Female
930,Betteanne,Kunert,bkunertpt@wikipedia.org,Non-binary
931,Sarge,Pendlenton,spendlentonpu@senate.gov,Polygender
932,Cordelie,Hansen,chansenpv@wsj.com,Female
933,Araldo,Bowie,abowiepw@google.cn,Male
934,Cindra,Deval,cdevalpx@printfriendly.com,Female
935,Matilda,Dicken,mdickenpy@parallels.com,Female
936,Christie,Sprigg,cspriggpz@eventbrite.com,Female
937,Brina,Regitz,bregitzq0@e-recht24.de,Female
938,Sunny,Dudden,sduddenq1@moonfruit.com,Male
939,Mozelle,Jerschke,mjerschkeq2@yahoo.com,Female
940,Jehu,Kreuzer,jkreuzerq3@icio.us,Male
941,Kennett,Fane,kfaneq4@prweb.com,Male
942,Judie,Brabban,jbrabbanq5@harvard.edu,Female
943,Harper,Roddam,hroddamq6@studiopress.com,Male
944,Mireielle,Pierucci,mpierucciq7@adobe.com,Female
945,Niels,Barlow,nbarlowq8@theatlantic.com,Male
946,Nickolaus,Fallen,nfallenq9@unblog.fr,Male
947,Coretta,Sprulls,csprullsqa@shareasale.com,Female
948,Neysa,Westcar,nwestcarqb@behance.net,Female
949,Warde,Keel,wkeelqc@topsy.com,Male
950,Laure,Denisyuk,ldenisyukqd@illinois.edu,Female
951,Cristine,Baccas,cbaccasqe@deliciousdays.com,Female
952,Mathew,Dollard,mdollardqf@unicef.org,Male
953,Beaufort,Roswarn,broswarnqg@netscape.com,Male
954,Junia,Styche,jstycheqh@wired.com,Female
955,Melloney,Ballintyne,mballintyneqi@hubpages.com,Female
956,Elisha,Dosdell,edosdellqj@fastcompany.com,Male
957,Moyna,Jeandillou,mjeandillouqk@bluehost.com,Female
958,Anthea,McCurrie,amccurrieql@hostgator.com,Female
959,Amil,Zapater,azapaterqm@ted.com,Female
960,Kattie,Exroll,kexrollqn@furl.net,Female
961,Cherida,Percifer,cperciferqo@addtoany.com,Female
962,Tove,Allmen,tallmenqp@infoseek.co.jp,Female
963,Josepha,Mico,jmicoqq@odnoklassniki.ru,Genderfluid
964,Katusha,Jimmison,kjimmisonqr@parallels.com,Female
965,Willyt,Lever,wleverqs@deliciousdays.com,Female
966,Geraldine,Fiveash,gfiveashqt@mlb.com,Female
967,Merv,Dallicott,mdallicottqu@51.la,Male
968,Beverly,Beckingham,bbeckinghamqv@skyrock.com,Female
969,Jehu,Craighall,jcraighallqw@amazon.com,Male
970,Joby,MacCallion,jmaccallionqx@topsy.com,Female
971,Maitilde,Cargon,mcargonqy@networksolutions.com,Female
972,Nat,Schruur,nschruurqz@istockphoto.com,Male
973,Tiebold,Dunbabin,tdunbabinr0@seesaa.net,Male
974,Arvy,Cardo,acardor1@dailymotion.com,Male
975,Morna,Thornebarrow,mthornebarrowr2@php.net,Female
976,Fonsie,Heinrici,fheinricir3@fc2.com,Male
977,Selia,Ohrt,sohrtr4@amazon.co.jp,Female
978,Duffie,Leere,dleerer5@sun.com,Male
979,Sheppard,Sherebrook,ssherebrookr6@sina.com.cn,Male
980,Colan,McNeigh,cmcneighr7@deliciousdays.com,Male
981,Bord,Roney,broneyr8@simplemachines.org,Male
982,Marlo,Mellings,mmellingsr9@odnoklassniki.ru,Female
983,Hannis,Madsen,hmadsenra@indiegogo.com,Female
984,Marget,Heyburn,mheyburnrb@theatlantic.com,Female
985,Tristan,Gillice,tgillicerc@scientificamerican.com,Bigender
986,Paten,Smithyman,psmithymanrd@wired.com,Male
987,Denna,Gladding,dgladdingre@mapquest.com,Female
988,Aldridge,Shute,ashuterf@opensource.org,Genderfluid
989,Goldi,Blanchard,gblanchardrg@g.co,Female
990,Meridith,Langdon,mlangdonrh@chronoengine.com,Female
991,Bobina,Featonby,bfeatonbyri@xrea.com,Female
992,Konstanze,Gherardi,kgherardirj@noaa.gov,Female
993,Seth,Dillon,sdillonrk@apple.com,Male
994,Tris,Cattell,tcattellrl@arizona.edu,Male
995,Kai,Fahy,kfahyrm@microsoft.com,Female
996,Morgen,Mandifield,mmandifieldrn@nifty.com,Female
997,Alina,Widdicombe,awiddicombero@sina.com.cn,Female
998,Adelaide,Maseyk,amaseykrp@webs.com,Female
999,Northrop,Culshew,nculshewrq@technorati.com,Male
1000,Anselm,Barrasse,abarrasserr@blogger.com,Male
